[
  {
    "name": "font_exo_regular_42px_glow",
    "path_id": 49,
    "w": 1024,
    "h": 512,
    "out": "D:\\git\\hp_kor_patch\\HuniePop_KR_Tool\\font\\dump_font_textures\\font_exo_regular_42px_glow.png"
  },
  {
    "name": "font_exo_bold_18px",
    "path_id": 50,
    "w": 256,
    "h": 256,
    "out": "D:\\git\\hp_kor_patch\\HuniePop_KR_Tool\\font\\dump_font_textures\\font_exo_bold_18px.png"
  },
  {
    "name": "font_exo_extrabold_30px_token_heart",
    "path_id": 52,
    "w": 512,
    "h": 512,
    "out": "D:\\git\\hp_kor_patch\\HuniePop_KR_Tool\\font\\dump_font_textures\\font_exo_extrabold_30px_token_heart.png"
  },
  {
    "name": "font_exo_extrabold_30px_poptext_gift",
    "path_id": 53,
    "w": 512,
    "h": 512,
    "out": "D:\\git\\hp_kor_patch\\HuniePop_KR_Tool\\font\\dump_font_textures\\font_exo_extrabold_30px_poptext_gift.png"
  },
  {
    "name": "font_exo_demibold_27px",
    "path_id": 55,
    "w": 256,
    "h": 256,
    "out": "D:\\git\\hp_kor_patch\\HuniePop_KR_Tool\\font\\dump_font_textures\\font_exo_demibold_27px.png"
  },
  {
    "name": "font_exo_demibold_25px",
    "path_id": 57,
    "w": 256,
    "h": 256,
    "out": "D:\\git\\hp_kor_patch\\HuniePop_KR_Tool\\font\\dump_font_textures\\font_exo_demibold_25px.png"
  },
  {
    "name": "font_exo_extrabold_22px",
    "path_id": 59,
    "w": 256,
    "h": 256,
    "out": "D:\\git\\hp_kor_patch\\HuniePop_KR_Tool\\font\\dump_font_textures\\font_exo_extrabold_22px.png"
  },
  {
    "name": "font_exo_extrabold_16px",
    "path_id": 61,
    "w": 256,
    "h": 128,
    "out": "D:\\git\\hp_kor_patch\\HuniePop_KR_Tool\\font\\dump_font_textures\\font_exo_extrabold_16px.png"
  },
  {
    "name": "font_exo_demibold_16px",
    "path_id": 62,
    "w": 256,
    "h": 128,
    "out": "D:\\git\\hp_kor_patch\\HuniePop_KR_Tool\\font\\dump_font_textures\\font_exo_demibold_16px.png"
  },
  {
    "name": "font_exo_demibold_22px",
    "path_id": 63,
    "w": 256,
    "h": 256,
    "out": "D:\\git\\hp_kor_patch\\HuniePop_KR_Tool\\font\\dump_font_textures\\font_exo_demibold_22px.png"
  },
  {
    "name": "font_exo_demibold_48px_glow",
    "path_id": 64,
    "w": 1024,
    "h": 512,
    "out": "D:\\git\\hp_kor_patch\\HuniePop_KR_Tool\\font\\dump_font_textures\\font_exo_demibold_48px_glow.png"
  },
  {
    "name": "font_exo_extrabold_30px_token_romance",
    "path_id": 65,
    "w": 512,
    "h": 512,
    "out": "D:\\git\\hp_kor_patch\\HuniePop_KR_Tool\\font\\dump_font_textures\\font_exo_extrabold_30px_token_romance.png"
  },
  {
    "name": "font_exo_extrabold_30px_stroke",
    "path_id": 66,
    "w": 512,
    "h": 512,
    "out": "D:\\git\\hp_kor_patch\\HuniePop_KR_Tool\\font\\dump_font_textures\\font_exo_extrabold_30px_stroke.png"
  },
  {
    "name": "font_exo_black_34px_aquablue",
    "path_id": 67,
    "w": 512,
    "h": 256,
    "out": "D:\\git\\hp_kor_patch\\HuniePop_KR_Tool\\font\\dump_font_textures\\font_exo_black_34px_aquablue.png"
  },
  {
    "name": "font_exo_medium_27px",
    "path_id": 68,
    "w": 256,
    "h": 256,
    "out": "D:\\git\\hp_kor_patch\\HuniePop_KR_Tool\\font\\dump_font_textures\\font_exo_medium_27px.png"
  },
  {
    "name": "font_exo_extrabold_30px_aqua",
    "path_id": 69,
    "w": 512,
    "h": 512,
    "out": "D:\\git\\hp_kor_patch\\HuniePop_KR_Tool\\font\\dump_font_textures\\font_exo_extrabold_30px_aqua.png"
  },
  {
    "name": "font_exo_extrabold_30px_poptext_unique",
    "path_id": 70,
    "w": 512,
    "h": 512,
    "out": "D:\\git\\hp_kor_patch\\HuniePop_KR_Tool\\font\\dump_font_textures\\font_exo_extrabold_30px_poptext_unique.png"
  },
  {
    "name": "font_exo_bold_21px",
    "path_id": 71,
    "w": 256,
    "h": 256,
    "out": "D:\\git\\hp_kor_patch\\HuniePop_KR_Tool\\font\\dump_font_textures\\font_exo_bold_21px.png"
  },
  {
    "name": "font_exo_bold_54px_poptext_money",
    "path_id": 72,
    "w": 1024,
    "h": 1024,
    "out": "D:\\git\\hp_kor_patch\\HuniePop_KR_Tool\\font\\dump_font_textures\\font_exo_bold_54px_poptext_money.png"
  },
  {
    "name": "font_exo_extrabold_30px_token_sexual",
    "path_id": 74,
    "w": 512,
    "h": 512,
    "out": "D:\\git\\hp_kor_patch\\HuniePop_KR_Tool\\font\\dump_font_textures\\font_exo_extrabold_30px_token_sexual.png"
  },
  {
    "name": "font_exo_extrabold_30px_yellow",
    "path_id": 75,
    "w": 512,
    "h": 512,
    "out": "D:\\git\\hp_kor_patch\\HuniePop_KR_Tool\\font\\dump_font_textures\\font_exo_extrabold_30px_yellow.png"
  },
  {
    "name": "font_exo_bold_20px",
    "path_id": 76,
    "w": 256,
    "h": 256,
    "out": "D:\\git\\hp_kor_patch\\HuniePop_KR_Tool\\font\\dump_font_textures\\font_exo_bold_20px.png"
  },
  {
    "name": "font_exo_extrabold_30px_poptext_drink",
    "path_id": 79,
    "w": 512,
    "h": 512,
    "out": "D:\\git\\hp_kor_patch\\HuniePop_KR_Tool\\font\\dump_font_textures\\font_exo_extrabold_30px_poptext_drink.png"
  },
  {
    "name": "font_exo_extrabold_30px_token_broken",
    "path_id": 81,
    "w": 512,
    "h": 512,
    "out": "D:\\git\\hp_kor_patch\\HuniePop_KR_Tool\\font\\dump_font_textures\\font_exo_extrabold_30px_token_broken.png"
  },
  {
    "name": "font_exo_demibold_20px",
    "path_id": 83,
    "w": 256,
    "h": 256,
    "out": "D:\\git\\hp_kor_patch\\HuniePop_KR_Tool\\font\\dump_font_textures\\font_exo_demibold_20px.png"
  },
  {
    "name": "font_exo_demibolditalic_25px_shadow",
    "path_id": 84,
    "w": 512,
    "h": 256,
    "out": "D:\\git\\hp_kor_patch\\HuniePop_KR_Tool\\font\\dump_font_textures\\font_exo_demibolditalic_25px_shadow.png"
  },
  {
    "name": "font_exo_bold_32px",
    "path_id": 86,
    "w": 512,
    "h": 256,
    "out": "D:\\git\\hp_kor_patch\\HuniePop_KR_Tool\\font\\dump_font_textures\\font_exo_bold_32px.png"
  },
  {
    "name": "font_exo_extrabold_20px",
    "path_id": 87,
    "w": 256,
    "h": 256,
    "out": "D:\\git\\hp_kor_patch\\HuniePop_KR_Tool\\font\\dump_font_textures\\font_exo_extrabold_20px.png"
  },
  {
    "name": "font_exo_extrabold_24px",
    "path_id": 88,
    "w": 256,
    "h": 256,
    "out": "D:\\git\\hp_kor_patch\\HuniePop_KR_Tool\\font\\dump_font_textures\\font_exo_extrabold_24px.png"
  },
  {
    "name": "font_exo_extrabold_30px_token_sentiment",
    "path_id": 89,
    "w": 512,
    "h": 512,
    "out": "D:\\git\\hp_kor_patch\\HuniePop_KR_Tool\\font\\dump_font_textures\\font_exo_extrabold_30px_token_sentiment.png"
  },
  {
    "name": "font_exo_extrabold_26px_pink",
    "path_id": 90,
    "w": 512,
    "h": 256,
    "out": "D:\\git\\hp_kor_patch\\HuniePop_KR_Tool\\font\\dump_font_textures\\font_exo_extrabold_26px_pink.png"
  },
  {
    "name": "font_exo_demibold_24px",
    "path_id": 91,
    "w": 256,
    "h": 256,
    "out": "D:\\git\\hp_kor_patch\\HuniePop_KR_Tool\\font\\dump_font_textures\\font_exo_demibold_24px.png"
  },
  {
    "name": "font_exo_medium_30px",
    "path_id": 92,
    "w": 256,
    "h": 256,
    "out": "D:\\git\\hp_kor_patch\\HuniePop_KR_Tool\\font\\dump_font_textures\\font_exo_medium_30px.png"
  },
  {
    "name": "font_exo_extrabold_30px_poptext_food",
    "path_id": 93,
    "w": 512,
    "h": 512,
    "out": "D:\\git\\hp_kor_patch\\HuniePop_KR_Tool\\font\\dump_font_textures\\font_exo_extrabold_30px_poptext_food.png"
  },
  {
    "name": "font_exo_extrabold_30px_token_flirtation",
    "path_id": 52,
    "w": 512,
    "h": 512,
    "out": "D:\\git\\hp_kor_patch\\HuniePop_KR_Tool\\font\\dump_font_textures\\font_exo_extrabold_30px_token_flirtation.png"
  },
  {
    "name": "font_exo_bold_22px",
    "path_id": 55,
    "w": 256,
    "h": 256,
    "out": "D:\\git\\hp_kor_patch\\HuniePop_KR_Tool\\font\\dump_font_textures\\font_exo_bold_22px.png"
  },
  {
    "name": "font_exo_demibolditalic_29px",
    "path_id": 58,
    "w": 512,
    "h": 256,
    "out": "D:\\git\\hp_kor_patch\\HuniePop_KR_Tool\\font\\dump_font_textures\\font_exo_demibolditalic_29px.png"
  },
  {
    "name": "font_exo_bolditalic_26px",
    "path_id": 59,
    "w": 512,
    "h": 256,
    "out": "D:\\git\\hp_kor_patch\\HuniePop_KR_Tool\\font\\dump_font_textures\\font_exo_bolditalic_26px.png"
  },
  {
    "name": "font_exo_extrabold_30px_token_talent",
    "path_id": 75,
    "w": 512,
    "h": 512,
    "out": "D:\\git\\hp_kor_patch\\HuniePop_KR_Tool\\font\\dump_font_textures\\font_exo_extrabold_30px_token_talent.png"
  },
  {
    "name": "font_exo_extrabold_30px_token_joy",
    "path_id": 97,
    "w": 512,
    "h": 512,
    "out": "D:\\git\\hp_kor_patch\\HuniePop_KR_Tool\\font\\dump_font_textures\\font_exo_extrabold_30px_token_joy.png"
  }
]