text	ko
particle_token_energy_talent!	
00	
$10,000	
Let's plan for later today.	
How does night time sound to you?	
How about the day after tomorrow?	
Let's meet up during the evening.	
The morning, bright and early!	
I think I'll be free in the afternoon.	
Tomorrow works best for me.	
Forgive me, I haven't even asked your last name yet.	
My full name is Aiko Yumi.····· I know, I know.····· Could I be more Japanese?	
This is random but how tall are you?	
Last time I checked··· I was five-four.	
So I won't forget it; when is your birthday?	
I'm sure you'll forget anyway,····· but it's November ninth.	
Lame question, but what's your favorite color?	
That's how you know you've got nothing to talk about.····· ····························· Ahhhhh, I like green.	
So, exactly how old are you?	
Why twenty-one of course...··············· Nah I'm fucking with you!····· I'm twenty-eight.	
How much do you weigh? If you don't mind my asking.	
Of course;····· every woman's favorite question.····· I'm one-oh-nine, ya dick.	
Do you prefer one season over the others?	
If I·· had to·· pick········ I'd probably say Autumn.·········· I'm a sucker for all the colors.	
What did you study in college?	
I've got a master's degree in mathematics····· and I regret it every day.	
What do you do? Like, for work, I mean.	
You mean besides the university professor thing?	
I've got to know, what cup size you rockin'?	
"Wooow,····· how romantic...····· I'm ""rocking"" D's."	
What would you say your main hobby is?	
Sleeping...····· no, wait!····· Gambling.	
Where is your favorite place to hang out?	
Oh,·· shit.······· You can't keep me out of the casino.	
Belrose.····· Happy?	
What do you study in college?	
I don't know,····· I haven't decided.····· I'm thinking about dropping out anyway.	
I weigh a hundred and two pounds.····· I may be small··· but at least I'm not fat.	
aa*B,····· take it or leave it.····· Boobs aren't everything you know.	
If you can't tell my favorite color is red····· you must·· be··· fucking··· blind.···	
Lusties nightclub is my fucking shit.	
I'm twenty-one.····· I don't know why but people say I look younger.	
Five-two.·········· What of it?······· I can still knock a bitch out.	
Work?········································· Bitch I'm already going to school.····· What the fuck do you expect?	
April sixth.········ Actually,····· please do forget it.	
I like to go shopping,····· especially if it's someone else's money.	
Probably spring because it's not cold as shit or hot as fuck.	
I've always loved Autumn.········ It's such a pretty season!	
Well,····· I'm a hundred and thirty-two pounds,····· but I'm trying to diet!	
I'll be turning twenty-four soon,····· but at the moment····· I'm twenty-three.	
My cup size?·········· Oh,··········· wow...··············· Umm,········ D.···················· That's so embarrassing!	
You know,····· I really enjoy spending time at the park,····· I notice.	
Purple!·········· It's the color of my favorite flower;····· the lilac.	
Just one inch shy of six feet.············· I'm pretty tall for a girl I know.	
I know some people think it's weird··· but··· I do meditation.········ It really helps clear my mind!	
I'm a yoga instructor at the fitness center.·········· I've been practicing for years.	
I started in law····· but····· I lost interest.············ I only came out with a two year degree.	
hahahaha*··········I was wondering about that.········ My last name is Lapran.	
My birthday is the twenty-fifth of June.·········· Yes sir!	
My birthday is the twenty-fifth of June.·········· Yes ma'am!	
I enjoy swimming in your ocean waters.····· Everything is frozen solid on my home planet.	
My ship crashed in the waters near the beach,··· so I spend a lot of time there.	
That's right,··· your people celebrate birth...····· I would be roughly the equivalent of your July twentieth.	
Whichever season is coldest.····· Winter;····· was it?	
The tag on my bra says··· double D.········· Double·· D?······· What a strange sizing system...	
All females of my species are exactly five feet and nine inches high.	
My occupation is galactic bounty hunter;····· the best in my sector,·· I might add!	
Based on your planet's gravitational force··· I'd calculate roughly··· one hundred and thirty pounds.	
Do you consider silver a color?	
Where are you from, exactly?	
My home planet is called····· Tendricide.········ It's a cold,··· dangerous place;·· but it's home!	
What's your last name? Do you even have one?	
I presume you mean my clan name?····· I am a high ranking member of the Luvendass clan.	
Going by your earth calendar?····· I would be thirty-two.	
You're looking at a hundred and twenty-six pounds of pure beauty.	
I think orange is pretty cute,····· so I'll go with that.	
Oh,····· no,····· honey.················ I had to drop out of high school to care for my daughter.	
I was born on the twenty-seventh of January.	
I'm an...····· actress.·········· You see, I make very special movies for my fans.	
These puppies?····· Double D's.····· One hundred percent natural too.	
Wherever I can get a drink!····· I'm at the bar most nights.	
Technically I'm thirty-six...····· but I don't feel a day older than twenty-five.	
I'm five feet and seven inches of love, baby.·····	
Winter has always been my favorite since I was little.····· Good memories...	
My·· main·· hobby...········ Hmmm...·················· does·· getting drunk count?···········	
Which one?································ Well,·· if you mean my real last name,····· it's Maye.	
That's okay!····· My last name is Delrio.	
Oh,····· yeah,····· that would be good to know huh?····· I'm twenty-one.	
I,····· actually...····· kinda dropped out of high school...···············	
I'm glad you asked!····· I'm down to one-eighteen!····· But most of that is muscle!	
hahahaha*·····These guys?····· Umm,····· yeah...····· double D's.	
I work part-time as a hairdresser in the salon at the mall.	
Definitely working out.····· I never miss a day!	
That's not lame!····· I like blue;····· like a deep ocean blue.	
Summer hands down.····· You can go running down by the beach!	
The gym is practically my second home.··········	
I'm five feet-six inches.	
March sixteenth!····· Mark it down!	
I hang out in your room when you're not home.····· You've got the best dirty magazines.·····	
Five feet and four inches.····· Thank god I'm not a pixie;····· those guys are tiny.	
Seriously?····· You're seriously gonna ask me that?····· It's fuckin' pink bitch!	
Okay...····· you have to promise not to laugh.····· It's... ············Sugardust...	
Sky··· Garden!········ It's kinda like your world but the clouds are pink.········ Weird, right?	
Summer,····· no doubt.····· If you haven't noticed,··· I like to walk around in my underwear.	
One-ten...····· Wait,····· one-ten?····· Damn,··· I'm kinda chubbin' up.	
The universe was given the honor of having me··· in it··· on August third.	
Uhhh...····· the whole love fairy thing doesn't ring a bell?	
I'm roughly····· three hundred and eighty-four years old!	
Ughh...····· these things are C's.····· I'm like the flattest fairy ever...	
I watch a massive amount of porn.	
You haven't?····· Well,··· my full name·· is Lola Rembrite.	
My birthday is February twenty-third.····· Don't forget!	
I'm twenty-four!····· Don't you know it's not polite to ask a lady's age?	
I graduated with a four year degree in business administration.	
Baby blue!····· Just like my work uniform!	
I'm always trying to get better at Tennis.····· You should play me!	
I enjoy visiting the cafe just about every morning.····· It's my little ritual.	
hahahaha*·····What kind of question is that?····· D cup if you really have to know.	
Spring,·· without a doubt.····· Everything is so colorful and alive.	
Well...····· uhhh...····· a hundred and twenty-two pounds.····· I'm trying to diet though!	
That's alright, I like random.····· I'm exactly five foot seven.	
I'm glad you asked.····· I'm an airline stewardess...····· and I absolutely love it.	
I don't know...····· I really have no idea.····· I'm sorry!	
Cup...? Size...?····· Mmmm...····· Oh, yeah!····· That!····· I have B cups.	
Hmmmm...····· gold!····· It's really really shiny and sparkly.	
For...···· work?·········· I don't know...·· I'm a kitty!	
Uhhh...····· I sleep a lot.····· I'm always really really sleepy.	
I'm only one hundred pounds!····· Everyone's bigger than me...	
I'm just five feet and two tiiiny inches!	
October second!····· It's my favoritest day!	
I like to run around on the hiking trails.·· It's fun!·····	
Last name?····· Noooo...····· I'm Momo!	
Spring!····· It's sooo nice outside··· and it's not too hot!	
Mmmmm...·········· I'm only one years old,····· in kitty years.	
I just turned eighteen not that long ago actually.	
Not really.·········· Buuut,··· winter is pretty cool··· because nobody bugs me to go outside.	
May thirteenth.····· It's fine if you forgot,····· it's just a stupid day.	
aaaacc*····· I'm only five feet tall.········ I'm like the shortest person I know.	
I'm not going to college.····· Going through high school was enough bullshit for me.	
I'm like··· a hundred something pounds.············· One-oh-four,··· I believe.	
I like to play video games;····· especially fighting games····· and online ····MM····O's.·····	
Honestly,············· I just like to chill in my room most of the time.	
aaaaaacc*·· I'm a barista at the cafe.·········· Somebody please kill me.·····	
I hadn't really put much thought into that...····· maybe,····· like,········· beige?········ Is beige a color?·····	
I knew that was coming sooner or later...····· ··············C cup...···	
It's fine,····· that's just how guys are.········ It's Ann-Marie.·····	
It's fine,····· that's just how girls are.········ It's Ann-Marie.·····	
It's cool.····· My last name is Maye.····· Tiffany Maye!	
I'm still in school ya dumbo!	
Oh!····· It's right before the holidays.····· December twenty-second!	
I know it's boring but I kinda just like to hang out around campus.	
Well,····· I haven't really decided on a major yet,····· so I'm just getting my core classes out of the way.	
I don't mind at all.····· I'm a hundred and twelve pounds.	
hehehe*··Really?····· If you must know...····· I'm a C cup.	
Ummm...····· I kinda like all the seasons.····· If I had to pick one,····· probably summer!	
Me?····· I'm twenty years old.····· Mmhm!	
I wish I was taller!····· I'm only five-foot-four.	
I really enjoy cheerleading.····· I've never missed a practice!	
Pink,··· all day.········ Not hot pink.····· I prefer like a····· light milky pink.	
Actually,····· Venus is my last name.····· My first name is Theiatena.	
I stand exactly five feet and eight inches tall.	
I find that Autumn typically has the most endurable weather here.	
I'm the goddess of love.····· I don't need to work.	
In your town?······· The hot springs are divine...	
Ask yourself,····· what would the perfect woman weigh?····· One hundred and twenty-eight pounds, no less.	
I rule over the spectacular and breathtaking kingdom of Sky Garden.	
I've no need for········ hobbies.············ I spend my time being pampered and served.	
You can't be the love goddess and not carry a double D cup size.·········· That would be absurd.	
I've been around for ten thousand years...············ give or take.	
It would have been September first.	
I have somewhat of an affinity for the color white.	
aaaaacc*·····Already asked that one.	
haha···cmcm*·····You silly,····· you already asked me that before!	
That's cheating!····· You can only ask a question one time.	
That's boring...····· I already answered that one!	
Is there anything I can do for you master?	
I'm booorred!····· Ask me a question!	
Oookaay!············· What do you wanna talk about?··· Hmm?	
Ruby Heels	
Peep Toe Pumps	
Open Toe Flats	
Thin Strap Sandals	
Knee High Boots	
Hairstyle #1	
Hairstyle #2	
Hairstyle #3	
Hairstyle #4	
Hairstyle #5	
Outfit #1	
Outfit #2	
Outfit #3	
Outfit #4	
Outfit #5	
Footwear #1	
Footwear #2	
Footwear #3	
Footwear #4	
Footwear #5	
Cowboy Hat	
T'ai Chi Quan	
Caribbean Sandals	
Street Walkers	
Pink Pumps	
Aztec Sandals	
Zipper Boots	
Disguise Front Hair	
Disguise Back Hair	
School Shoes	
White Boots	
Beach Sandals	
ff&?	
particle_token_energy_sexual!	
particle_token_energy_broken!	
"^CF2F2F2FFKyu:  ^CB2B2B2FFJaclyn ""Jack"" Hernandez
^CF2F2F2FFTiffany:  ^CB2B2B2FFLori Fischer
^CF2F2F2FFAiko:  ^CB2B2B2FFMarie Rhys
^CF2F2F2FFKyanna:  ^CB2B2B2FFHelene Daviau
^CF2F2F2FFAudrey:  ^CB2B2B2FFBrittany Lauda
^CF2F2F2FFLola:  ^CB2B2B2FFKira Buckland
^CF2F2F2FFNikki:  ^CB2B2B2FFSkyler Davenport
^CF2F2F2FFJessie:  ^CB2B2B2FFAmanda Berning
^CF2F2F2FFBeli:  ^CB2B2B2FFAmber Lee Connors
^CF2F2F2FF???:  ^CB2B2B2FFArden Jones
^CF2F2F2FF???:  ^CB2B2B2FFSarah Wiedenheft
^CF2F2F2FF???:  ^CB2B2B2FFTracey-Jane Lovely"	
"^CF2F2F2FFLead Artist:  ^CB2B2B2FFRizky Prahesa ""Kopianget""
^CF2F2F2FFCG Artist:  ^CB2B2B2FFLaura Casulleras ""Ninamo""
^CF2F2F2FFGraphic Illustrator:  ^CB2B2B2FFAgata Wiejak
^CF2F2F2FFGraphic Illustrator:  ^CB2B2B2FFCihan Gelerli
^CF2F2F2FFPromo Artist:  ^CB2B2B2FFKaskia
^CF2F2F2FFPromo Artist:  ^CB2B2B2FFPinguin-Kotak"	
